,#,Name,Type 1,Type 2,Total,HP,Attack,Defense,Sp. Atk,Sp. Def,Speed,Generation,Legendary
0,1,bulbasaur,Grass,Poison,318,45,49,49,65,65,45,1,False
1,2,ivysaur,Grass,Poison,405,60,62,63,80,80,60,1,False
2,3,venusaur,Grass,Poison,525,80,82,83,100,100,80,1,False
3,3,venusaurmega venusaur,Grass,Poison,625,80,100,123,122,120,80,1,False
4,4,charmander,Fire,,309,39,52,43,60,50,65,1,False
5,5,charmeleon,Fire,,405,58,64,58,80,65,80,1,False
6,6,charizard,Fire,Flying,534,78,84,78,109,85,100,1,False
7,6,charizardmega charizard x,Fire,Dragon,634,78,130,111,130,85,100,1,False
8,6,charizardmega charizard y,Fire,Flying,634,78,104,78,159,115,100,1,False
9,7,squirtle,Water,,314,44,48,65,50,64,43,1,False
10,8,wartortle,Water,,405,59,63,80,65,80,58,1,False
11,9,blastoise,Water,,530,79,83,100,85,105,78,1,False
12,9,blastoisemega blastoise,Water,,630,79,103,120,135,115,78,1,False
13,10,caterpie,Bug,,195,45,30,35,20,20,45,1,False
14,11,metapod,Bug,,205,50,20,55,25,25,30,1,False
15,12,butterfree,Bug,Flying,395,60,45,50,90,80,70,1,False
16,13,weedle,Bug,Poison,195,40,35,30,20,20,50,1,False
17,14,kakuna,Bug,Poison,205,45,25,50,25,25,35,1,False
18,15,beedrill,Bug,Poison,395,65,90,40,45,80,75,1,False
19,15,beedrillmega beedrill,Bug,Poison,495,65,150,40,15,80,145,1,False
20,16,pidgey,Normal,Flying,251,40,45,40,35,35,56,1,False
21,17,pidgeotto,Normal,Flying,349,63,60,55,50,50,71,1,False
22,18,pidgeot,Normal,Flying,479,83,80,75,70,70,101,1,False
23,18,pidgeotmega pidgeot,Normal,Flying,579,83,80,80,135,80,121,1,False
24,19,rattata,Normal,,253,30,56,35,25,35,72,1,False
25,20,raticate,Normal,,413,55,81,60,50,70,97,1,False
26,21,spearow,Normal,Flying,262,40,60,30,31,31,70,1,False
27,22,fearow,Normal,Flying,442,65,90,65,61,61,100,1,False
28,23,ekans,Poison,,288,35,60,44,40,54,55,1,False
29,24,arbok,Poison,,438,60,85,69,65,79,80,1,False
30,25,pikachu,Electric,,320,35,55,40,50,50,90,1,False
31,26,raichu,Electric,,485,60,90,55,90,80,110,1,False
32,27,sandshrew,Ground,,300,50,75,85,20,30,40,1,False
33,28,sandslash,Ground,,450,75,100,110,45,55,65,1,False
34,29,nidoran-f,Poison,,275,55,47,52,40,40,41,1,False
35,30,nidorina,Poison,,365,70,62,67,55,55,56,1,False
36,31,nidoqueen,Poison,Ground,505,90,92,87,75,85,76,1,False
37,32,nidoran-m,Poison,,273,46,57,40,40,40,50,1,False
38,33,nidorino,Poison,,365,61,72,57,55,55,65,1,False
39,34,nidoking,Poison,Ground,505,81,102,77,85,75,85,1,False
40,35,clefairy,Fairy,,323,70,45,48,60,65,35,1,False
41,36,clefable,Fairy,,483,95,70,73,95,90,60,1,False
42,37,vulpix,Fire,,299,38,41,40,50,65,65,1,False
43,38,ninetales,Fire,,505,73,76,75,81,100,100,1,False
44,39,jigglypuff,Normal,Fairy,270,115,45,20,45,25,20,1,False
45,40,wigglytuff,Normal,Fairy,435,140,70,45,85,50,45,1,False
46,41,zubat,Poison,Flying,245,40,45,35,30,40,55,1,False
47,42,golbat,Poison,Flying,455,75,80,70,65,75,90,1,False
48,43,oddish,Grass,Poison,320,45,50,55,75,65,30,1,False
49,44,gloom,Grass,Poison,395,60,65,70,85,75,40,1,False
50,45,vileplume,Grass,Poison,490,75,80,85,110,90,50,1,False
51,46,paras,Bug,Grass,285,35,70,55,45,55,25,1,False
52,47,parasect,Bug,Grass,405,60,95,80,60,80,30,1,False
53,48,venonat,Bug,Poison,305,60,55,50,40,55,45,1,False
54,49,venomoth,Bug,Poison,450,70,65,60,90,75,90,1,False
55,50,diglett,Ground,,265,10,55,25,35,45,95,1,False
56,51,dugtrio,Ground,,405,35,80,50,50,70,120,1,False
57,52,meowth,Normal,,290,40,45,35,40,40,90,1,False
58,53,persian,Normal,,440,65,70,60,65,65,115,1,False
59,54,psyduck,Water,,320,50,52,48,65,50,55,1,False
60,55,golduck,Water,,500,80,82,78,95,80,85,1,False
61,56,mankey,Fighting,,305,40,80,35,35,45,70,1,False
62,57,primeape,Fighting,,455,65,105,60,60,70,95,1,False
63,58,growlithe,Fire,,350,55,70,45,70,50,60,1,False
64,59,arcanine,Fire,,555,90,110,80,100,80,95,1,False
65,60,poliwag,Water,,300,40,50,40,40,40,90,1,False
66,61,poliwhirl,Water,,385,65,65,65,50,50,90,1,False
67,62,poliwrath,Water,Fighting,510,90,95,95,70,90,70,1,False
68,63,abra,Psychic,,310,25,20,15,105,55,90,1,False
69,64,kadabra,Psychic,,400,40,35,30,120,70,105,1,False
70,65,alakazam,Psychic,,500,55,50,45,135,95,120,1,False
71,65,alakazammega alakazam,Psychic,,590,55,50,65,175,95,150,1,False
72,66,machop,Fighting,,305,70,80,50,35,35,35,1,False
73,67,machoke,Fighting,,405,80,100,70,50,60,45,1,False
74,68,machamp,Fighting,,505,90,130,80,65,85,55,1,False
75,69,bellsprout,Grass,Poison,300,50,75,35,70,30,40,1,False
76,70,weepinbell,Grass,Poison,390,65,90,50,85,45,55,1,False
77,71,victreebel,Grass,Poison,490,80,105,65,100,70,70,1,False
78,72,tentacool,Water,Poison,335,40,40,35,50,100,70,1,False
79,73,tentacruel,Water,Poison,515,80,70,65,80,120,100,1,False
80,74,geodude,Rock,Ground,300,40,80,100,30,30,20,1,False
81,75,graveler,Rock,Ground,390,55,95,115,45,45,35,1,False
82,76,golem,Rock,Ground,495,80,120,130,55,65,45,1,False
83,77,ponyta,Fire,,410,50,85,55,65,65,90,1,False
84,78,rapidash,Fire,,500,65,100,70,80,80,105,1,False
85,79,slowpoke,Water,Psychic,315,90,65,65,40,40,15,1,False
86,80,slowbro,Water,Psychic,490,95,75,110,100,80,30,1,False
87,80,slowbromega slowbro,Water,Psychic,590,95,75,180,130,80,30,1,False
88,81,magnemite,Electric,Steel,325,25,35,70,95,55,45,1,False
89,82,magneton,Electric,Steel,465,50,60,95,120,70,70,1,False
90,83,farfetchd,Normal,Flying,352,52,65,55,58,62,60,1,False
91,84,doduo,Normal,Flying,310,35,85,45,35,35,75,1,False
92,85,dodrio,Normal,Flying,460,60,110,70,60,60,100,1,False
93,86,seel,Water,,325,65,45,55,45,70,45,1,False
94,87,dewgong,Water,Ice,475,90,70,80,70,95,70,1,False
95,88,grimer,Poison,,325,80,80,50,40,50,25,1,False
96,89,muk,Poison,,500,105,105,75,65,100,50,1,False
97,90,shellder,Water,,305,30,65,100,45,25,40,1,False
98,91,cloyster,Water,Ice,525,50,95,180,85,45,70,1,False
99,92,gastly,Ghost,Poison,310,30,35,30,100,35,80,1,False
100,93,haunter,Ghost,Poison,405,45,50,45,115,55,95,1,False
101,94,gengar,Ghost,Poison,500,60,65,60,130,75,110,1,False
102,94,gengarmega gengar,Ghost,Poison,600,60,65,80,170,95,130,1,False
103,95,onix,Rock,Ground,385,35,45,160,30,45,70,1,False
104,96,drowzee,Psychic,,328,60,48,45,43,90,42,1,False
105,97,hypno,Psychic,,483,85,73,70,73,115,67,1,False
106,98,krabby,Water,,325,30,105,90,25,25,50,1,False
107,99,kingler,Water,,475,55,130,115,50,50,75,1,False
108,100,voltorb,Electric,,330,40,30,50,55,55,100,1,False
109,101,electrode,Electric,,480,60,50,70,80,80,140,1,False
110,102,exeggcute,Grass,Psychic,325,60,40,80,60,45,40,1,False
111,103,exeggutor,Grass,Psychic,520,95,95,85,125,65,55,1,False
112,104,cubone,Ground,,320,50,50,95,40,50,35,1,False
113,105,marowak,Ground,,425,60,80,110,50,80,45,1,False
114,106,hitmonlee,Fighting,,455,50,120,53,35,110,87,1,False
115,107,hitmonchan,Fighting,,455,50,105,79,35,110,76,1,False
116,108,lickitung,Normal,,385,90,55,75,60,75,30,1,False
117,109,koffing,Poison,,340,40,65,95,60,45,35,1,False
118,110,weezing,Poison,,490,65,90,120,85,70,60,1,False
119,111,rhyhorn,Ground,Rock,345,80,85,95,30,30,25,1,False
120,112,rhydon,Ground,Rock,485,105,130,120,45,45,40,1,False
121,113,chansey,Normal,,450,250,5,5,35,105,50,1,False
122,114,tangela,Grass,,435,65,55,115,100,40,60,1,False
123,115,kangaskhan,Normal,,490,105,95,80,40,80,90,1,False
124,115,kangaskhanmega kangaskhan,Normal,,590,105,125,100,60,100,100,1,False
125,116,horsea,Water,,295,30,40,70,70,25,60,1,False
126,117,seadra,Water,,440,55,65,95,95,45,85,1,False
127,118,goldeen,Water,,320,45,67,60,35,50,63,1,False
128,119,seaking,Water,,450,80,92,65,65,80,68,1,False
129,120,staryu,Water,,340,30,45,55,70,55,85,1,False
130,121,starmie,Water,Psychic,520,60,75,85,100,85,115,1,False
131,122,mr-mime,Psychic,Fairy,460,40,45,65,100,120,90,1,False
132,123,scyther,Bug,Flying,500,70,110,80,55,80,105,1,False
133,124,jynx,Ice,Psychic,455,65,50,35,115,95,95,1,False
134,125,electabuzz,Electric,,490,65,83,57,95,85,105,1,False
135,126,magmar,Fire,,495,65,95,57,100,85,93,1,False
136,127,pinsir,Bug,,500,65,125,100,55,70,85,1,False
137,127,pinsirmega pinsir,Bug,Flying,600,65,155,120,65,90,105,1,False
138,128,tauros,Normal,,490,75,100,95,40,70,110,1,False
139,129,magikarp,Water,,200,20,10,55,15,20,80,1,False
140,130,gyarados,Water,Flying,540,95,125,79,60,100,81,1,False
141,130,gyaradosmega gyarados,Water,Dark,640,95,155,109,70,130,81,1,False
142,131,lapras,Water,Ice,535,130,85,80,85,95,60,1,False
143,132,ditto,Normal,,288,48,48,48,48,48,48,1,False
144,133,eevee,Normal,,325,55,55,50,45,65,55,1,False
145,134,vaporeon,Water,,525,130,65,60,110,95,65,1,False
146,135,jolteon,Electric,,525,65,65,60,110,95,130,1,False
147,136,flareon,Fire,,525,65,130,60,95,110,65,1,False
148,137,porygon,Normal,,395,65,60,70,85,75,40,1,False
149,138,omanyte,Rock,Water,355,35,40,100,90,55,35,1,False
150,139,omastar,Rock,Water,495,70,60,125,115,70,55,1,False
151,140,kabuto,Rock,Water,355,30,80,90,55,45,55,1,False
152,141,kabutops,Rock,Water,495,60,115,105,65,70,80,1,False
153,142,aerodactyl,Rock,Flying,515,80,105,65,60,75,130,1,False
154,142,aerodactylmega aerodactyl,Rock,Flying,615,80,135,85,70,95,150,1,False
155,143,snorlax,Normal,,540,160,110,65,65,110,30,1,False
156,144,articuno,Ice,Flying,580,90,85,100,95,125,85,1,True
157,145,zapdos,Electric,Flying,580,90,90,85,125,90,100,1,True
158,146,moltres,Fire,Flying,580,90,100,90,125,85,90,1,True
159,147,dratini,Dragon,,300,41,64,45,50,50,50,1,False
160,148,dragonair,Dragon,,420,61,84,65,70,70,70,1,False
161,149,dragonite,Dragon,Flying,600,91,134,95,100,100,80,1,False
162,150,mewtwo,Psychic,,680,106,110,90,154,90,130,1,True
163,150,mewtwomega mewtwo x,Psychic,Fighting,780,106,190,100,154,100,130,1,True
164,150,mewtwomega mewtwo y,Psychic,,780,106,150,70,194,120,140,1,True
165,151,mew,Psychic,,600,100,100,100,100,100,100,1,False
166,152,chikorita,Grass,,318,45,49,65,49,65,45,2,False
167,153,bayleef,Grass,,405,60,62,80,63,80,60,2,False
168,154,meganium,Grass,,525,80,82,100,83,100,80,2,False
169,155,cyndaquil,Fire,,309,39,52,43,60,50,65,2,False
170,156,quilava,Fire,,405,58,64,58,80,65,80,2,False
171,157,typhlosion,Fire,,534,78,84,78,109,85,100,2,False
172,158,totodile,Water,,314,50,65,64,44,48,43,2,False
173,159,croconaw,Water,,405,65,80,80,59,63,58,2,False
174,160,feraligatr,Water,,530,85,105,100,79,83,78,2,False
175,161,sentret,Normal,,215,35,46,34,35,45,20,2,False
176,162,furret,Normal,,415,85,76,64,45,55,90,2,False
177,163,hoothoot,Normal,Flying,262,60,30,30,36,56,50,2,False
178,164,noctowl,Normal,Flying,442,100,50,50,76,96,70,2,False
179,165,ledyba,Bug,Flying,265,40,20,30,40,80,55,2,False
180,166,ledian,Bug,Flying,390,55,35,50,55,110,85,2,False
181,167,spinarak,Bug,Poison,250,40,60,40,40,40,30,2,False
182,168,ariados,Bug,Poison,390,70,90,70,60,60,40,2,False
183,169,crobat,Poison,Flying,535,85,90,80,70,80,130,2,False
184,170,chinchou,Water,Electric,330,75,38,38,56,56,67,2,False
185,171,lanturn,Water,Electric,460,125,58,58,76,76,67,2,False
186,172,pichu,Electric,,205,20,40,15,35,35,60,2,False
187,173,cleffa,Fairy,,218,50,25,28,45,55,15,2,False
188,174,igglybuff,Normal,Fairy,210,90,30,15,40,20,15,2,False
189,175,togepi,Fairy,,245,35,20,65,40,65,20,2,False
190,176,togetic,Fairy,Flying,405,55,40,85,80,105,40,2,False
191,177,natu,Psychic,Flying,320,40,50,45,70,45,70,2,False
192,178,xatu,Psychic,Flying,470,65,75,70,95,70,95,2,False
193,179,mareep,Electric,,280,55,40,40,65,45,35,2,False
194,180,flaaffy,Electric,,365,70,55,55,80,60,45,2,False
195,181,ampharos,Electric,,510,90,75,85,115,90,55,2,False
196,181,ampharosmega ampharos,Electric,Dragon,610,90,95,105,165,110,45,2,False
197,182,bellossom,Grass,,490,75,80,95,90,100,50,2,False
198,183,marill,Water,Fairy,250,70,20,50,20,50,40,2,False
199,184,azumarill,Water,Fairy,420,100,50,80,60,80,50,2,False
200,185,sudowoodo,Rock,,410,70,100,115,30,65,30,2,False
201,186,politoed,Water,,500,90,75,75,90,100,70,2,False
202,187,hoppip,Grass,Flying,250,35,35,40,35,55,50,2,False
203,188,skiploom,Grass,Flying,340,55,45,50,45,65,80,2,False
204,189,jumpluff,Grass,Flying,460,75,55,70,55,95,110,2,False
205,190,aipom,Normal,,360,55,70,55,40,55,85,2,False
206,191,sunkern,Grass,,180,30,30,30,30,30,30,2,False
207,192,sunflora,Grass,,425,75,75,55,105,85,30,2,False
208,193,yanma,Bug,Flying,390,65,65,45,75,45,95,2,False
209,194,wooper,Water,Ground,210,55,45,45,25,25,15,2,False
210,195,quagsire,Water,Ground,430,95,85,85,65,65,35,2,False
211,196,espeon,Psychic,,525,65,65,60,130,95,110,2,False
212,197,umbreon,Dark,,525,95,65,110,60,130,65,2,False
213,198,murkrow,Dark,Flying,405,60,85,42,85,42,91,2,False
214,199,slowking,Water,Psychic,490,95,75,80,100,110,30,2,False
215,200,misdreavus,Ghost,,435,60,60,60,85,85,85,2,False
216,201,unown,Psychic,,336,48,72,48,72,48,48,2,False
217,202,wobbuffet,Psychic,,405,190,33,58,33,58,33,2,False
218,203,girafarig,Normal,Psychic,455,70,80,65,90,65,85,2,False
219,204,pineco,Bug,,290,50,65,90,35,35,15,2,False
220,205,forretress,Bug,Steel,465,75,90,140,60,60,40,2,False
221,206,dunsparce,Normal,,415,100,70,70,65,65,45,2,False
222,207,gligar,Ground,Flying,430,65,75,105,35,65,85,2,False
223,208,steelix,Steel,Ground,510,75,85,200,55,65,30,2,False
224,208,steelixmega steelix,Steel,Ground,610,75,125,230,55,95,30,2,False
225,209,snubbull,Fairy,,300,60,80,50,40,40,30,2,False
226,210,granbull,Fairy,,450,90,120,75,60,60,45,2,False
227,211,qwilfish,Water,Poison,430,65,95,75,55,55,85,2,False
228,212,scizor,Bug,Steel,500,70,130,100,55,80,65,2,False
229,212,scizormega scizor,Bug,Steel,600,70,150,140,65,100,75,2,False
230,213,shuckle,Bug,Rock,505,20,10,230,10,230,5,2,False
231,214,heracross,Bug,Fighting,500,80,125,75,40,95,85,2,False
232,214,heracrossmega heracross,Bug,Fighting,600,80,185,115,40,105,75,2,False
233,215,sneasel,Dark,Ice,430,55,95,55,35,75,115,2,False
234,216,teddiursa,Normal,,330,60,80,50,50,50,40,2,False
235,217,ursaring,Normal,,500,90,130,75,75,75,55,2,False
236,218,slugma,Fire,,250,40,40,40,70,40,20,2,False
237,219,magcargo,Fire,Rock,410,50,50,120,80,80,30,2,False
238,220,swinub,Ice,Ground,250,50,50,40,30,30,50,2,False
239,221,piloswine,Ice,Ground,450,100,100,80,60,60,50,2,False
240,222,corsola,Water,Rock,380,55,55,85,65,85,35,2,False
241,223,remoraid,Water,,300,35,65,35,65,35,65,2,False
242,224,octillery,Water,,480,75,105,75,105,75,45,2,False
243,225,delibird,Ice,Flying,330,45,55,45,65,45,75,2,False
244,226,mantine,Water,Flying,465,65,40,70,80,140,70,2,False
245,227,skarmory,Steel,Flying,465,65,80,140,40,70,70,2,False
246,228,houndour,Dark,Fire,330,45,60,30,80,50,65,2,False
247,229,houndoom,Dark,Fire,500,75,90,50,110,80,95,2,False
248,229,houndoommega houndoom,Dark,Fire,600,75,90,90,140,90,115,2,False
249,230,kingdra,Water,Dragon,540,75,95,95,95,95,85,2,False
250,231,phanpy,Ground,,330,90,60,60,40,40,40,2,False
251,232,donphan,Ground,,500,90,120,120,60,60,50,2,False
252,233,porygon2,Normal,,515,85,80,90,105,95,60,2,False
253,234,stantler,Normal,,465,73,95,62,85,65,85,2,False
254,235,smeargle,Normal,,250,55,20,35,20,45,75,2,False
255,236,tyrogue,Fighting,,210,35,35,35,35,35,35,2,False
256,237,hitmontop,Fighting,,455,50,95,95,35,110,70,2,False
257,238,smoochum,Ice,Psychic,305,45,30,15,85,65,65,2,False
258,239,elekid,Electric,,360,45,63,37,65,55,95,2,False
259,240,magby,Fire,,365,45,75,37,70,55,83,2,False
260,241,miltank,Normal,,490,95,80,105,40,70,100,2,False
261,242,blissey,Normal,,540,255,10,10,75,135,55,2,False
262,243,raikou,Electric,,580,90,85,75,115,100,115,2,True
263,244,entei,Fire,,580,115,115,85,90,75,100,2,True
264,245,suicune,Water,,580,100,75,115,90,115,85,2,True
265,246,larvitar,Rock,Ground,300,50,64,50,45,50,41,2,False
266,247,pupitar,Rock,Ground,410,70,84,70,65,70,51,2,False
267,248,tyranitar,Rock,Dark,600,100,134,110,95,100,61,2,False
268,248,tyranitarmega tyranitar,Rock,Dark,700,100,164,150,95,120,71,2,False
269,249,lugia,Psychic,Flying,680,106,90,130,90,154,110,2,True
270,250,ho-oh,Fire,Flying,680,106,130,90,110,154,90,2,True
271,251,celebi,Psychic,Grass,600,100,100,100,100,100,100,2,False
272,252,treecko,Grass,,310,40,45,35,65,55,70,3,False
273,253,grovyle,Grass,,405,50,65,45,85,65,95,3,False
274,254,sceptile,Grass,,530,70,85,65,105,85,120,3,False
275,254,sceptilemega sceptile,Grass,Dragon,630,70,110,75,145,85,145,3,False
276,255,torchic,Fire,,310,45,60,40,70,50,45,3,False
277,256,combusken,Fire,Fighting,405,60,85,60,85,60,55,3,False
278,257,blaziken,Fire,Fighting,530,80,120,70,110,70,80,3,False
279,257,blazikenmega blaziken,Fire,Fighting,630,80,160,80,130,80,100,3,False
280,258,mudkip,Water,,310,50,70,50,50,50,40,3,False
281,259,marshtomp,Water,Ground,405,70,85,70,60,70,50,3,False
282,260,swampert,Water,Ground,535,100,110,90,85,90,60,3,False
283,260,swampertmega swampert,Water,Ground,635,100,150,110,95,110,70,3,False
284,261,poochyena,Dark,,220,35,55,35,30,30,35,3,False
285,262,mightyena,Dark,,420,70,90,70,60,60,70,3,False
286,263,zigzagoon,Normal,,240,38,30,41,30,41,60,3,False
287,264,linoone,Normal,,420,78,70,61,50,61,100,3,False
288,265,wurmple,Bug,,195,45,45,35,20,30,20,3,False
289,266,silcoon,Bug,,205,50,35,55,25,25,15,3,False
290,267,beautifly,Bug,Flying,395,60,70,50,100,50,65,3,False
291,268,cascoon,Bug,,205,50,35,55,25,25,15,3,False
292,269,dustox,Bug,Poison,385,60,50,70,50,90,65,3,False
293,270,lotad,Water,Grass,220,40,30,30,40,50,30,3,False
294,271,lombre,Water,Grass,340,60,50,50,60,70,50,3,False
295,272,ludicolo,Water,Grass,480,80,70,70,90,100,70,3,False
296,273,seedot,Grass,,220,40,40,50,30,30,30,3,False
297,274,nuzleaf,Grass,Dark,340,70,70,40,60,40,60,3,False
298,275,shiftry,Grass,Dark,480,90,100,60,90,60,80,3,False
299,276,taillow,Normal,Flying,270,40,55,30,30,30,85,3,False
300,277,swellow,Normal,Flying,430,60,85,60,50,50,125,3,False
301,278,wingull,Water,Flying,270,40,30,30,55,30,85,3,False
302,279,pelipper,Water,Flying,430,60,50,100,85,70,65,3,False
303,280,ralts,Psychic,Fairy,198,28,25,25,45,35,40,3,False
304,281,kirlia,Psychic,Fairy,278,38,35,35,65,55,50,3,False
305,282,gardevoir,Psychic,Fairy,518,68,65,65,125,115,80,3,False
306,282,gardevoirmega gardevoir,Psychic,Fairy,618,68,85,65,165,135,100,3,False
307,283,surskit,Bug,Water,269,40,30,32,50,52,65,3,False
308,284,masquerain,Bug,Flying,414,70,60,62,80,82,60,3,False
309,285,shroomish,Grass,,295,60,40,60,40,60,35,3,False
310,286,breloom,Grass,Fighting,460,60,130,80,60,60,70,3,False
311,287,slakoth,Normal,,280,60,60,60,35,35,30,3,False
312,288,vigoroth,Normal,,440,80,80,80,55,55,90,3,False
313,289,slaking,Normal,,670,150,160,100,95,65,100,3,False
314,290,nincada,Bug,Ground,266,31,45,90,30,30,40,3,False
315,291,ninjask,Bug,Flying,456,61,90,45,50,50,160,3,False
316,292,shedinja,Bug,Ghost,236,1,90,45,30,30,40,3,False
317,293,whismur,Normal,,240,64,51,23,51,23,28,3,False
318,294,loudred,Normal,,360,84,71,43,71,43,48,3,False
319,295,exploud,Normal,,490,104,91,63,91,73,68,3,False
320,296,makuhita,Fighting,,237,72,60,30,20,30,25,3,False
321,297,hariyama,Fighting,,474,144,120,60,40,60,50,3,False
322,298,azurill,Normal,Fairy,190,50,20,40,20,40,20,3,False
323,299,nosepass,Rock,,375,30,45,135,45,90,30,3,False
324,300,skitty,Normal,,260,50,45,45,35,35,50,3,False
325,301,delcatty,Normal,,380,70,65,65,55,55,70,3,False
326,302,sableye,Dark,Ghost,380,50,75,75,65,65,50,3,False
327,302,sableyemega sableye,Dark,Ghost,480,50,85,125,85,115,20,3,False
328,303,mawile,Steel,Fairy,380,50,85,85,55,55,50,3,False
329,303,mawilemega mawile,Steel,Fairy,480,50,105,125,55,95,50,3,False
330,304,aron,Steel,Rock,330,50,70,100,40,40,30,3,False
331,305,lairon,Steel,Rock,430,60,90,140,50,50,40,3,False
332,306,aggron,Steel,Rock,530,70,110,180,60,60,50,3,False
333,306,aggronmega aggron,Steel,,630,70,140,230,60,80,50,3,False
334,307,meditite,Fighting,Psychic,280,30,40,55,40,55,60,3,False
335,308,medicham,Fighting,Psychic,410,60,60,75,60,75,80,3,False
336,308,medichammega medicham,Fighting,Psychic,510,60,100,85,80,85,100,3,False
337,309,electrike,Electric,,295,40,45,40,65,40,65,3,False
338,310,manectric,Electric,,475,70,75,60,105,60,105,3,False
339,310,manectricmega manectric,Electric,,575,70,75,80,135,80,135,3,False
340,311,plusle,Electric,,405,60,50,40,85,75,95,3,False
341,312,minun,Electric,,405,60,40,50,75,85,95,3,False
342,313,volbeat,Bug,,400,65,73,55,47,75,85,3,False
343,314,illumise,Bug,,400,65,47,55,73,75,85,3,False
344,315,roselia,Grass,Poison,400,50,60,45,100,80,65,3,False
345,316,gulpin,Poison,,302,70,43,53,43,53,40,3,False
346,317,swalot,Poison,,467,100,73,83,73,83,55,3,False
347,318,carvanha,Water,Dark,305,45,90,20,65,20,65,3,False
348,319,sharpedo,Water,Dark,460,70,120,40,95,40,95,3,False
349,319,sharpedomega sharpedo,Water,Dark,560,70,140,70,110,65,105,3,False
350,320,wailmer,Water,,400,130,70,35,70,35,60,3,False
351,321,wailord,Water,,500,170,90,45,90,45,60,3,False
352,322,numel,Fire,Ground,305,60,60,40,65,45,35,3,False
353,323,camerupt,Fire,Ground,460,70,100,70,105,75,40,3,False
354,323,cameruptmega camerupt,Fire,Ground,560,70,120,100,145,105,20,3,False
355,324,torkoal,Fire,,470,70,85,140,85,70,20,3,False
356,325,spoink,Psychic,,330,60,25,35,70,80,60,3,False
357,326,grumpig,Psychic,,470,80,45,65,90,110,80,3,False
358,327,spinda,Normal,,360,60,60,60,60,60,60,3,False
359,328,trapinch,Ground,,290,45,100,45,45,45,10,3,False
360,329,vibrava,Ground,Dragon,340,50,70,50,50,50,70,3,False
361,330,flygon,Ground,Dragon,520,80,100,80,80,80,100,3,False
362,331,cacnea,Grass,,335,50,85,40,85,40,35,3,False
363,332,cacturne,Grass,Dark,475,70,115,60,115,60,55,3,False
364,333,swablu,Normal,Flying,310,45,40,60,40,75,50,3,False
365,334,altaria,Dragon,Flying,490,75,70,90,70,105,80,3,False
366,334,altariamega altaria,Dragon,Fairy,590,75,110,110,110,105,80,3,False
367,335,zangoose,Normal,,458,73,115,60,60,60,90,3,False
368,336,seviper,Poison,,458,73,100,60,100,60,65,3,False
369,337,lunatone,Rock,Psychic,440,70,55,65,95,85,70,3,False
370,338,solrock,Rock,Psychic,440,70,95,85,55,65,70,3,False
371,339,barboach,Water,Ground,288,50,48,43,46,41,60,3,False
372,340,whiscash,Water,Ground,468,110,78,73,76,71,60,3,False
373,341,corphish,Water,,308,43,80,65,50,35,35,3,False
374,342,crawdaunt,Water,Dark,468,63,120,85,90,55,55,3,False
375,343,baltoy,Ground,Psychic,300,40,40,55,40,70,55,3,False
376,344,claydol,Ground,Psychic,500,60,70,105,70,120,75,3,False
377,345,lileep,Rock,Grass,355,66,41,77,61,87,23,3,False
378,346,cradily,Rock,Grass,495,86,81,97,81,107,43,3,False
379,347,anorith,Rock,Bug,355,45,95,50,40,50,75,3,False
380,348,armaldo,Rock,Bug,495,75,125,100,70,80,45,3,False
381,349,feebas,Water,,200,20,15,20,10,55,80,3,False
382,350,milotic,Water,,540,95,60,79,100,125,81,3,False
383,351,castform,Normal,,420,70,70,70,70,70,70,3,False
384,352,kecleon,Normal,,440,60,90,70,60,120,40,3,False
385,353,shuppet,Ghost,,295,44,75,35,63,33,45,3,False
386,354,banette,Ghost,,455,64,115,65,83,63,65,3,False
387,354,banettemega banette,Ghost,,555,64,165,75,93,83,75,3,False
388,355,duskull,Ghost,,295,20,40,90,30,90,25,3,False
389,356,dusclops,Ghost,,455,40,70,130,60,130,25,3,False
390,357,tropius,Grass,Flying,460,99,68,83,72,87,51,3,False
391,358,chimecho,Psychic,,425,65,50,70,95,80,65,3,False
392,359,absol,Dark,,465,65,130,60,75,60,75,3,False
393,359,absolmega absol,Dark,,565,65,150,60,115,60,115,3,False
394,360,wynaut,Psychic,,260,95,23,48,23,48,23,3,False
395,361,snorunt,Ice,,300,50,50,50,50,50,50,3,False
396,362,glalie,Ice,,480,80,80,80,80,80,80,3,False
397,362,glaliemega glalie,Ice,,580,80,120,80,120,80,100,3,False
398,363,spheal,Ice,Water,290,70,40,50,55,50,25,3,False
399,364,sealeo,Ice,Water,410,90,60,70,75,70,45,3,False
400,365,walrein,Ice,Water,530,110,80,90,95,90,65,3,False
401,366,clamperl,Water,,345,35,64,85,74,55,32,3,False
402,367,huntail,Water,,485,55,104,105,94,75,52,3,False
403,368,gorebyss,Water,,485,55,84,105,114,75,52,3,False
404,369,relicanth,Water,Rock,485,100,90,130,45,65,55,3,False
405,370,luvdisc,Water,,330,43,30,55,40,65,97,3,False
406,371,bagon,Dragon,,300,45,75,60,40,30,50,3,False
407,372,shelgon,Dragon,,420,65,95,100,60,50,50,3,False
408,373,salamence,Dragon,Flying,600,95,135,80,110,80,100,3,False
409,373,salamencemega salamence,Dragon,Flying,700,95,145,130,120,90,120,3,False
410,374,beldum,Steel,Psychic,300,40,55,80,35,60,30,3,False
411,375,metang,Steel,Psychic,420,60,75,100,55,80,50,3,False
412,376,metagross,Steel,Psychic,600,80,135,130,95,90,70,3,False
413,376,metagrossmega metagross,Steel,Psychic,700,80,145,150,105,110,110,3,False
414,377,regirock,Rock,,580,80,100,200,50,100,50,3,True
415,378,regice,Ice,,580,80,50,100,100,200,50,3,True
416,379,registeel,Steel,,580,80,75,150,75,150,50,3,True
417,380,latias,Dragon,Psychic,600,80,80,90,110,130,110,3,True
418,380,latiasmega latias,Dragon,Psychic,700,80,100,120,140,150,110,3,True
419,381,latios,Dragon,Psychic,600,80,90,80,130,110,110,3,True
420,381,latiosmega latios,Dragon,Psychic,700,80,130,100,160,120,110,3,True
421,382,kyogre,Water,,670,100,100,90,150,140,90,3,True
422,382,kyogreprimal kyogre,Water,,770,100,150,90,180,160,90,3,True
423,383,groudon,Ground,,670,100,150,140,100,90,90,3,True
424,383,groudonprimal groudon,Ground,Fire,770,100,180,160,150,90,90,3,True
425,384,rayquaza,Dragon,Flying,680,105,150,90,150,90,95,3,True
426,384,rayquazamega rayquaza,Dragon,Flying,780,105,180,100,180,100,115,3,True
427,385,jirachi,Steel,Psychic,600,100,100,100,100,100,100,3,True
428,386,deoxysnormal forme,Psychic,,600,50,150,50,150,50,150,3,True
429,386,deoxysattack forme,Psychic,,600,50,180,20,180,20,150,3,True
430,386,deoxysdefense forme,Psychic,,600,50,70,160,70,160,90,3,True
431,386,deoxysspeed forme,Psychic,,600,50,95,90,95,90,180,3,True
432,387,turtwig,Grass,,318,55,68,64,45,55,31,4,False
433,388,grotle,Grass,,405,75,89,85,55,65,36,4,False
434,389,torterra,Grass,Ground,525,95,109,105,75,85,56,4,False
435,390,chimchar,Fire,,309,44,58,44,58,44,61,4,False
436,391,monferno,Fire,Fighting,405,64,78,52,78,52,81,4,False
437,392,infernape,Fire,Fighting,534,76,104,71,104,71,108,4,False
438,393,piplup,Water,,314,53,51,53,61,56,40,4,False
439,394,prinplup,Water,,405,64,66,68,81,76,50,4,False
440,395,empoleon,Water,Steel,530,84,86,88,111,101,60,4,False
441,396,starly,Normal,Flying,245,40,55,30,30,30,60,4,False
442,397,staravia,Normal,Flying,340,55,75,50,40,40,80,4,False
443,398,staraptor,Normal,Flying,485,85,120,70,50,60,100,4,False
444,399,bidoof,Normal,,250,59,45,40,35,40,31,4,False
445,400,bibarel,Normal,Water,410,79,85,60,55,60,71,4,False
446,401,kricketot,Bug,,194,37,25,41,25,41,25,4,False
447,402,kricketune,Bug,,384,77,85,51,55,51,65,4,False
448,403,shinx,Electric,,263,45,65,34,40,34,45,4,False
449,404,luxio,Electric,,363,60,85,49,60,49,60,4,False
450,405,luxray,Electric,,523,80,120,79,95,79,70,4,False
451,406,budew,Grass,Poison,280,40,30,35,50,70,55,4,False
452,407,roserade,Grass,Poison,515,60,70,65,125,105,90,4,False
453,408,cranidos,Rock,,350,67,125,40,30,30,58,4,False
454,409,rampardos,Rock,,495,97,165,60,65,50,58,4,False
455,410,shieldon,Rock,Steel,350,30,42,118,42,88,30,4,False
456,411,bastiodon,Rock,Steel,495,60,52,168,47,138,30,4,False
457,412,burmy,Bug,,224,40,29,45,29,45,36,4,False
458,413,wormadamplant cloak,Bug,Grass,424,60,59,85,79,105,36,4,False
459,413,wormadamsandy cloak,Bug,Ground,424,60,79,105,59,85,36,4,False
460,413,wormadamtrash cloak,Bug,Steel,424,60,69,95,69,95,36,4,False
461,414,mothim,Bug,Flying,424,70,94,50,94,50,66,4,False
462,415,combee,Bug,Flying,244,30,30,42,30,42,70,4,False
463,416,vespiquen,Bug,Flying,474,70,80,102,80,102,40,4,False
464,417,pachirisu,Electric,,405,60,45,70,45,90,95,4,False
465,418,buizel,Water,,330,55,65,35,60,30,85,4,False
466,419,floatzel,Water,,495,85,105,55,85,50,115,4,False
467,420,cherubi,Grass,,275,45,35,45,62,53,35,4,False
468,421,cherrim,Grass,,450,70,60,70,87,78,85,4,False
469,422,shellos,Water,,325,76,48,48,57,62,34,4,False
470,423,gastrodon,Water,Ground,475,111,83,68,92,82,39,4,False
471,424,ambipom,Normal,,482,75,100,66,60,66,115,4,False
472,425,drifloon,Ghost,Flying,348,90,50,34,60,44,70,4,False
473,426,drifblim,Ghost,Flying,498,150,80,44,90,54,80,4,False
474,427,buneary,Normal,,350,55,66,44,44,56,85,4,False
475,428,lopunny,Normal,,480,65,76,84,54,96,105,4,False
476,428,lopunnymega lopunny,Normal,Fighting,580,65,136,94,54,96,135,4,False
477,429,mismagius,Ghost,,495,60,60,60,105,105,105,4,False
478,430,honchkrow,Dark,Flying,505,100,125,52,105,52,71,4,False
479,431,glameow,Normal,,310,49,55,42,42,37,85,4,False
480,432,purugly,Normal,,452,71,82,64,64,59,112,4,False
481,433,chingling,Psychic,,285,45,30,50,65,50,45,4,False
482,434,stunky,Poison,Dark,329,63,63,47,41,41,74,4,False
483,435,skuntank,Poison,Dark,479,103,93,67,71,61,84,4,False
484,436,bronzor,Steel,Psychic,300,57,24,86,24,86,23,4,False
485,437,bronzong,Steel,Psychic,500,67,89,116,79,116,33,4,False
486,438,bonsly,Rock,,290,50,80,95,10,45,10,4,False
487,439,mime jr.,Psychic,Fairy,310,20,25,45,70,90,60,4,False
488,440,happiny,Normal,,220,100,5,5,15,65,30,4,False
489,441,chatot,Normal,Flying,411,76,65,45,92,42,91,4,False
490,442,spiritomb,Ghost,Dark,485,50,92,108,92,108,35,4,False
491,443,gible,Dragon,Ground,300,58,70,45,40,45,42,4,False
492,444,gabite,Dragon,Ground,410,68,90,65,50,55,82,4,False
493,445,garchomp,Dragon,Ground,600,108,130,95,80,85,102,4,False
494,445,garchompmega garchomp,Dragon,Ground,700,108,170,115,120,95,92,4,False
495,446,munchlax,Normal,,390,135,85,40,40,85,5,4,False
496,447,riolu,Fighting,,285,40,70,40,35,40,60,4,False
497,448,lucario,Fighting,Steel,525,70,110,70,115,70,90,4,False
498,448,lucariomega lucario,Fighting,Steel,625,70,145,88,140,70,112,4,False
499,449,hippopotas,Ground,,330,68,72,78,38,42,32,4,False
500,450,hippowdon,Ground,,525,108,112,118,68,72,47,4,False
501,451,skorupi,Poison,Bug,330,40,50,90,30,55,65,4,False
502,452,drapion,Poison,Dark,500,70,90,110,60,75,95,4,False
503,453,croagunk,Poison,Fighting,300,48,61,40,61,40,50,4,False
504,454,toxicroak,Poison,Fighting,490,83,106,65,86,65,85,4,False
505,455,carnivine,Grass,,454,74,100,72,90,72,46,4,False
506,456,finneon,Water,,330,49,49,56,49,61,66,4,False
507,457,lumineon,Water,,460,69,69,76,69,86,91,4,False
508,458,mantyke,Water,Flying,345,45,20,50,60,120,50,4,False
509,459,snover,Grass,Ice,334,60,62,50,62,60,40,4,False
510,460,abomasnow,Grass,Ice,494,90,92,75,92,85,60,4,False
511,460,abomasnowmega abomasnow,Grass,Ice,594,90,132,105,132,105,30,4,False
512,461,weavile,Dark,Ice,510,70,120,65,45,85,125,4,False
513,462,magnezone,Electric,Steel,535,70,70,115,130,90,60,4,False
514,463,lickilicky,Normal,,515,110,85,95,80,95,50,4,False
515,464,rhyperior,Ground,Rock,535,115,140,130,55,55,40,4,False
516,465,tangrowth,Grass,,535,100,100,125,110,50,50,4,False
517,466,electivire,Electric,,540,75,123,67,95,85,95,4,False
518,467,magmortar,Fire,,540,75,95,67,125,95,83,4,False
519,468,togekiss,Fairy,Flying,545,85,50,95,120,115,80,4,False
520,469,yanmega,Bug,Flying,515,86,76,86,116,56,95,4,False
521,470,leafeon,Grass,,525,65,110,130,60,65,95,4,False
522,471,glaceon,Ice,,525,65,60,110,130,95,65,4,False
523,472,gliscor,Ground,Flying,510,75,95,125,45,75,95,4,False
524,473,mamoswine,Ice,Ground,530,110,130,80,70,60,80,4,False
525,474,porygon-z,Normal,,535,85,80,70,135,75,90,4,False
526,475,gallade,Psychic,Fighting,518,68,125,65,65,115,80,4,False
527,475,gallademega gallade,Psychic,Fighting,618,68,165,95,65,115,110,4,False
528,476,probopass,Rock,Steel,525,60,55,145,75,150,40,4,False
529,477,dusknoir,Ghost,,525,45,100,135,65,135,45,4,False
530,478,froslass,Ice,Ghost,480,70,80,70,80,70,110,4,False
531,479,rotom,Electric,Ghost,440,50,50,77,95,77,91,4,False
532,479,rotomheat rotom,Electric,Fire,520,50,65,107,105,107,86,4,False
533,479,rotomwash rotom,Electric,Water,520,50,65,107,105,107,86,4,False
534,479,rotomfrost rotom,Electric,Ice,520,50,65,107,105,107,86,4,False
535,479,rotomfan rotom,Electric,Flying,520,50,65,107,105,107,86,4,False
536,479,rotommow rotom,Electric,Grass,520,50,65,107,105,107,86,4,False
537,480,uxie,Psychic,,580,75,75,130,75,130,95,4,True
538,481,mesprit,Psychic,,580,80,105,105,105,105,80,4,True
539,482,azelf,Psychic,,580,75,125,70,125,70,115,4,True
540,483,dialga,Steel,Dragon,680,100,120,120,150,100,90,4,True
541,484,palkia,Water,Dragon,680,90,120,100,150,120,100,4,True
542,485,heatran,Fire,Steel,600,91,90,106,130,106,77,4,True
543,486,regigigas,Normal,,670,110,160,110,80,110,100,4,True
544,487,giratinaaltered forme,Ghost,Dragon,680,150,100,120,100,120,90,4,True
545,487,giratinaorigin forme,Ghost,Dragon,680,150,120,100,120,100,90,4,True
546,488,cresselia,Psychic,,600,120,70,120,75,130,85,4,False
547,489,phione,Water,,480,80,80,80,80,80,80,4,False
548,490,manaphy,Water,,600,100,100,100,100,100,100,4,False
549,491,darkrai,Dark,,600,70,90,90,135,90,125,4,True
550,492,shayminland forme,Grass,,600,100,100,100,100,100,100,4,True
551,492,shayminsky forme,Grass,Flying,600,100,103,75,120,75,127,4,True
552,493,arceus,Normal,,720,120,120,120,120,120,120,4,True
553,494,victini,Psychic,Fire,600,100,100,100,100,100,100,5,True
554,495,snivy,Grass,,308,45,45,55,45,55,63,5,False
555,496,servine,Grass,,413,60,60,75,60,75,83,5,False
556,497,serperior,Grass,,528,75,75,95,75,95,113,5,False
557,498,tepig,Fire,,308,65,63,45,45,45,45,5,False
558,499,pignite,Fire,Fighting,418,90,93,55,70,55,55,5,False
559,500,emboar,Fire,Fighting,528,110,123,65,100,65,65,5,False
560,501,oshawott,Water,,308,55,55,45,63,45,45,5,False
561,502,dewott,Water,,413,75,75,60,83,60,60,5,False
562,503,samurott,Water,,528,95,100,85,108,70,70,5,False
563,504,patrat,Normal,,255,45,55,39,35,39,42,5,False
564,505,watchog,Normal,,420,60,85,69,60,69,77,5,False
565,506,lillipup,Normal,,275,45,60,45,25,45,55,5,False
566,507,herdier,Normal,,370,65,80,65,35,65,60,5,False
567,508,stoutland,Normal,,500,85,110,90,45,90,80,5,False
568,509,purrloin,Dark,,281,41,50,37,50,37,66,5,False
569,510,liepard,Dark,,446,64,88,50,88,50,106,5,False
570,511,pansage,Grass,,316,50,53,48,53,48,64,5,False
571,512,simisage,Grass,,498,75,98,63,98,63,101,5,False
572,513,pansear,Fire,,316,50,53,48,53,48,64,5,False
573,514,simisear,Fire,,498,75,98,63,98,63,101,5,False
574,515,panpour,Water,,316,50,53,48,53,48,64,5,False
575,516,simipour,Water,,498,75,98,63,98,63,101,5,False
576,517,munna,Psychic,,292,76,25,45,67,55,24,5,False
577,518,musharna,Psychic,,487,116,55,85,107,95,29,5,False
578,519,pidove,Normal,Flying,264,50,55,50,36,30,43,5,False
579,520,tranquill,Normal,Flying,358,62,77,62,50,42,65,5,False
580,521,unfezant,Normal,Flying,488,80,115,80,65,55,93,5,False
581,522,blitzle,Electric,,295,45,60,32,50,32,76,5,False
582,523,zebstrika,Electric,,497,75,100,63,80,63,116,5,False
583,524,roggenrola,Rock,,280,55,75,85,25,25,15,5,False
584,525,boldore,Rock,,390,70,105,105,50,40,20,5,False
585,526,gigalith,Rock,,515,85,135,130,60,80,25,5,False
586,527,woobat,Psychic,Flying,313,55,45,43,55,43,72,5,False
587,528,swoobat,Psychic,Flying,425,67,57,55,77,55,114,5,False
588,529,drilbur,Ground,,328,60,85,40,30,45,68,5,False
589,530,excadrill,Ground,Steel,508,110,135,60,50,65,88,5,False
590,531,audino,Normal,,445,103,60,86,60,86,50,5,False
591,531,audinomega audino,Normal,Fairy,545,103,60,126,80,126,50,5,False
592,532,timburr,Fighting,,305,75,80,55,25,35,35,5,False
593,533,gurdurr,Fighting,,405,85,105,85,40,50,40,5,False
594,534,conkeldurr,Fighting,,505,105,140,95,55,65,45,5,False
595,535,tympole,Water,,294,50,50,40,50,40,64,5,False
596,536,palpitoad,Water,Ground,384,75,65,55,65,55,69,5,False
597,537,seismitoad,Water,Ground,509,105,95,75,85,75,74,5,False
598,538,throh,Fighting,,465,120,100,85,30,85,45,5,False
599,539,sawk,Fighting,,465,75,125,75,30,75,85,5,False
600,540,sewaddle,Bug,Grass,310,45,53,70,40,60,42,5,False
601,541,swadloon,Bug,Grass,380,55,63,90,50,80,42,5,False
602,542,leavanny,Bug,Grass,500,75,103,80,70,80,92,5,False
603,543,venipede,Bug,Poison,260,30,45,59,30,39,57,5,False
604,544,whirlipede,Bug,Poison,360,40,55,99,40,79,47,5,False
605,545,scolipede,Bug,Poison,485,60,100,89,55,69,112,5,False
606,546,cottonee,Grass,Fairy,280,40,27,60,37,50,66,5,False
607,547,whimsicott,Grass,Fairy,480,60,67,85,77,75,116,5,False
608,548,petilil,Grass,,280,45,35,50,70,50,30,5,False
609,549,lilligant,Grass,,480,70,60,75,110,75,90,5,False
610,550,basculin,Water,,460,70,92,65,80,55,98,5,False
611,551,sandile,Ground,Dark,292,50,72,35,35,35,65,5,False
612,552,krokorok,Ground,Dark,351,60,82,45,45,45,74,5,False
613,553,krookodile,Ground,Dark,519,95,117,80,65,70,92,5,False
614,554,darumaka,Fire,,315,70,90,45,15,45,50,5,False
615,555,darmanitanstandard mode,Fire,,480,105,140,55,30,55,95,5,False
616,555,darmanitanzen mode,Fire,Psychic,540,105,30,105,140,105,55,5,False
617,556,maractus,Grass,,461,75,86,67,106,67,60,5,False
618,557,dwebble,Bug,Rock,325,50,65,85,35,35,55,5,False
619,558,crustle,Bug,Rock,475,70,95,125,65,75,45,5,False
620,559,scraggy,Dark,Fighting,348,50,75,70,35,70,48,5,False
621,560,scrafty,Dark,Fighting,488,65,90,115,45,115,58,5,False
622,561,sigilyph,Psychic,Flying,490,72,58,80,103,80,97,5,False
623,562,yamask,Ghost,,303,38,30,85,55,65,30,5,False
624,563,cofagrigus,Ghost,,483,58,50,145,95,105,30,5,False
625,564,tirtouga,Water,Rock,355,54,78,103,53,45,22,5,False
626,565,carracosta,Water,Rock,495,74,108,133,83,65,32,5,False
627,566,archen,Rock,Flying,401,55,112,45,74,45,70,5,False
628,567,archeops,Rock,Flying,567,75,140,65,112,65,110,5,False
629,568,trubbish,Poison,,329,50,50,62,40,62,65,5,False
630,569,garbodor,Poison,,474,80,95,82,60,82,75,5,False
631,570,zorua,Dark,,330,40,65,40,80,40,65,5,False
632,571,zoroark,Dark,,510,60,105,60,120,60,105,5,False
633,572,minccino,Normal,,300,55,50,40,40,40,75,5,False
634,573,cinccino,Normal,,470,75,95,60,65,60,115,5,False
635,574,gothita,Psychic,,290,45,30,50,55,65,45,5,False
636,575,gothorita,Psychic,,390,60,45,70,75,85,55,5,False
637,576,gothitelle,Psychic,,490,70,55,95,95,110,65,5,False
638,577,solosis,Psychic,,290,45,30,40,105,50,20,5,False
639,578,duosion,Psychic,,370,65,40,50,125,60,30,5,False
640,579,reuniclus,Psychic,,490,110,65,75,125,85,30,5,False
641,580,ducklett,Water,Flying,305,62,44,50,44,50,55,5,False
642,581,swanna,Water,Flying,473,75,87,63,87,63,98,5,False
643,582,vanillite,Ice,,305,36,50,50,65,60,44,5,False
644,583,vanillish,Ice,,395,51,65,65,80,75,59,5,False
645,584,vanilluxe,Ice,,535,71,95,85,110,95,79,5,False
646,585,deerling,Normal,Grass,335,60,60,50,40,50,75,5,False
647,586,sawsbuck,Normal,Grass,475,80,100,70,60,70,95,5,False
648,587,emolga,Electric,Flying,428,55,75,60,75,60,103,5,False
649,588,karrablast,Bug,,315,50,75,45,40,45,60,5,False
650,589,escavalier,Bug,Steel,495,70,135,105,60,105,20,5,False
651,590,foongus,Grass,Poison,294,69,55,45,55,55,15,5,False
652,591,amoonguss,Grass,Poison,464,114,85,70,85,80,30,5,False
653,592,frillish,Water,Ghost,335,55,40,50,65,85,40,5,False
654,593,jellicent,Water,Ghost,480,100,60,70,85,105,60,5,False
655,594,alomomola,Water,,470,165,75,80,40,45,65,5,False
656,595,joltik,Bug,Electric,319,50,47,50,57,50,65,5,False
657,596,galvantula,Bug,Electric,472,70,77,60,97,60,108,5,False
658,597,ferroseed,Grass,Steel,305,44,50,91,24,86,10,5,False
659,598,ferrothorn,Grass,Steel,489,74,94,131,54,116,20,5,False
660,599,klink,Steel,,300,40,55,70,45,60,30,5,False
661,600,klang,Steel,,440,60,80,95,70,85,50,5,False
662,601,klinklang,Steel,,520,60,100,115,70,85,90,5,False
663,602,tynamo,Electric,,275,35,55,40,45,40,60,5,False
664,603,eelektrik,Electric,,405,65,85,70,75,70,40,5,False
665,604,eelektross,Electric,,515,85,115,80,105,80,50,5,False
666,605,elgyem,Psychic,,335,55,55,55,85,55,30,5,False
667,606,beheeyem,Psychic,,485,75,75,75,125,95,40,5,False
668,607,litwick,Ghost,Fire,275,50,30,55,65,55,20,5,False
669,608,lampent,Ghost,Fire,370,60,40,60,95,60,55,5,False
670,609,chandelure,Ghost,Fire,520,60,55,90,145,90,80,5,False
671,610,axew,Dragon,,320,46,87,60,30,40,57,5,False
672,611,fraxure,Dragon,,410,66,117,70,40,50,67,5,False
673,612,haxorus,Dragon,,540,76,147,90,60,70,97,5,False
674,613,cubchoo,Ice,,305,55,70,40,60,40,40,5,False
675,614,beartic,Ice,,485,95,110,80,70,80,50,5,False
676,615,cryogonal,Ice,,485,70,50,30,95,135,105,5,False
677,616,shelmet,Bug,,305,50,40,85,40,65,25,5,False
678,617,accelgor,Bug,,495,80,70,40,100,60,145,5,False
679,618,stunfisk,Ground,Electric,471,109,66,84,81,99,32,5,False
680,619,mienfoo,Fighting,,350,45,85,50,55,50,65,5,False
681,620,mienshao,Fighting,,510,65,125,60,95,60,105,5,False
682,621,druddigon,Dragon,,485,77,120,90,60,90,48,5,False
683,622,golett,Ground,Ghost,303,59,74,50,35,50,35,5,False
684,623,golurk,Ground,Ghost,483,89,124,80,55,80,55,5,False
685,624,pawniard,Dark,Steel,340,45,85,70,40,40,60,5,False
686,625,bisharp,Dark,Steel,490,65,125,100,60,70,70,5,False
687,626,bouffalant,Normal,,490,95,110,95,40,95,55,5,False
688,627,rufflet,Normal,Flying,350,70,83,50,37,50,60,5,False
689,628,braviary,Normal,Flying,510,100,123,75,57,75,80,5,False
690,629,vullaby,Dark,Flying,370,70,55,75,45,65,60,5,False
691,630,mandibuzz,Dark,Flying,510,110,65,105,55,95,80,5,False
692,631,heatmor,Fire,,484,85,97,66,105,66,65,5,False
693,632,durant,Bug,Steel,484,58,109,112,48,48,109,5,False
694,633,deino,Dark,Dragon,300,52,65,50,45,50,38,5,False
695,634,zweilous,Dark,Dragon,420,72,85,70,65,70,58,5,False
696,635,hydreigon,Dark,Dragon,600,92,105,90,125,90,98,5,False
697,636,larvesta,Bug,Fire,360,55,85,55,50,55,60,5,False
698,637,volcarona,Bug,Fire,550,85,60,65,135,105,100,5,False
699,638,cobalion,Steel,Fighting,580,91,90,129,90,72,108,5,True
700,639,terrakion,Rock,Fighting,580,91,129,90,72,90,108,5,True
701,640,virizion,Grass,Fighting,580,91,90,72,90,129,108,5,True
702,641,tornadusincarnate forme,Flying,,580,79,115,70,125,80,111,5,True
703,641,tornadustherian forme,Flying,,580,79,100,80,110,90,121,5,True
704,642,thundurusincarnate forme,Electric,Flying,580,79,115,70,125,80,111,5,True
705,642,thundurustherian forme,Electric,Flying,580,79,105,70,145,80,101,5,True
706,643,reshiram,Dragon,Fire,680,100,120,100,150,120,90,5,True
707,644,zekrom,Dragon,Electric,680,100,150,120,120,100,90,5,True
708,645,landorusincarnate forme,Ground,Flying,600,89,125,90,115,80,101,5,True
709,645,landorustherian forme,Ground,Flying,600,89,145,90,105,80,91,5,True
710,646,kyurem,Dragon,Ice,660,125,130,90,130,90,95,5,True
711,646,kyuremblack kyurem,Dragon,Ice,700,125,170,100,120,90,95,5,True
712,646,kyuremwhite kyurem,Dragon,Ice,700,125,120,90,170,100,95,5,True
713,647,keldeoordinary forme,Water,Fighting,580,91,72,90,129,90,108,5,False
714,647,keldeoresolute forme,Water,Fighting,580,91,72,90,129,90,108,5,False
715,648,meloettaaria forme,Normal,Psychic,600,100,77,77,128,128,90,5,False
716,648,meloettapirouette forme,Normal,Fighting,600,100,128,90,77,77,128,5,False
717,649,genesect,Bug,Steel,600,71,120,95,120,95,99,5,False
718,650,chespin,Grass,,313,56,61,65,48,45,38,6,False
719,651,quilladin,Grass,,405,61,78,95,56,58,57,6,False
720,652,chesnaught,Grass,Fighting,530,88,107,122,74,75,64,6,False
721,653,fennekin,Fire,,307,40,45,40,62,60,60,6,False
722,654,braixen,Fire,,409,59,59,58,90,70,73,6,False
723,655,delphox,Fire,Psychic,534,75,69,72,114,100,104,6,False
724,656,froakie,Water,,314,41,56,40,62,44,71,6,False
725,657,frogadier,Water,,405,54,63,52,83,56,97,6,False
726,658,greninja,Water,Dark,530,72,95,67,103,71,122,6,False
727,659,bunnelby,Normal,,237,38,36,38,32,36,57,6,False
728,660,diggersby,Normal,Ground,423,85,56,77,50,77,78,6,False
729,661,fletchling,Normal,Flying,278,45,50,43,40,38,62,6,False
730,662,fletchinder,Fire,Flying,382,62,73,55,56,52,84,6,False
731,663,talonflame,Fire,Flying,499,78,81,71,74,69,126,6,False
732,664,scatterbug,Bug,,200,38,35,40,27,25,35,6,False
733,665,spewpa,Bug,,213,45,22,60,27,30,29,6,False
734,666,vivillon,Bug,Flying,411,80,52,50,90,50,89,6,False
735,667,litleo,Fire,Normal,369,62,50,58,73,54,72,6,False
736,668,pyroar,Fire,Normal,507,86,68,72,109,66,106,6,False
737,669,flabébé,Fairy,,303,44,38,39,61,79,42,6,False
738,670,floette,Fairy,,371,54,45,47,75,98,52,6,False
739,671,florges,Fairy,,552,78,65,68,112,154,75,6,False
740,672,skiddo,Grass,,350,66,65,48,62,57,52,6,False
741,673,gogoat,Grass,,531,123,100,62,97,81,68,6,False
742,674,pancham,Fighting,,348,67,82,62,46,48,43,6,False
743,675,pangoro,Fighting,Dark,495,95,124,78,69,71,58,6,False
744,676,furfrou,Normal,,472,75,80,60,65,90,102,6,False
745,677,espurr,Psychic,,355,62,48,54,63,60,68,6,False
746,678,meowsticmale,Psychic,,466,74,48,76,83,81,104,6,False
747,678,meowsticfemale,Psychic,,466,74,48,76,83,81,104,6,False
748,679,honedge,Steel,Ghost,325,45,80,100,35,37,28,6,False
749,680,doublade,Steel,Ghost,448,59,110,150,45,49,35,6,False
750,681,aegislashblade forme,Steel,Ghost,520,60,150,50,150,50,60,6,False
751,681,aegislashshield forme,Steel,Ghost,520,60,50,150,50,150,60,6,False
752,682,spritzee,Fairy,,341,78,52,60,63,65,23,6,False
753,683,aromatisse,Fairy,,462,101,72,72,99,89,29,6,False
754,684,swirlix,Fairy,,341,62,48,66,59,57,49,6,False
755,685,slurpuff,Fairy,,480,82,80,86,85,75,72,6,False
756,686,inkay,Dark,Psychic,288,53,54,53,37,46,45,6,False
757,687,malamar,Dark,Psychic,482,86,92,88,68,75,73,6,False
758,688,binacle,Rock,Water,306,42,52,67,39,56,50,6,False
759,689,barbaracle,Rock,Water,500,72,105,115,54,86,68,6,False
760,690,skrelp,Poison,Water,320,50,60,60,60,60,30,6,False
761,691,dragalge,Poison,Dragon,494,65,75,90,97,123,44,6,False
762,692,clauncher,Water,,330,50,53,62,58,63,44,6,False
763,693,clawitzer,Water,,500,71,73,88,120,89,59,6,False
764,694,helioptile,Electric,Normal,289,44,38,33,61,43,70,6,False
765,695,heliolisk,Electric,Normal,481,62,55,52,109,94,109,6,False
766,696,tyrunt,Rock,Dragon,362,58,89,77,45,45,48,6,False
767,697,tyrantrum,Rock,Dragon,521,82,121,119,69,59,71,6,False
768,698,amaura,Rock,Ice,362,77,59,50,67,63,46,6,False
769,699,aurorus,Rock,Ice,521,123,77,72,99,92,58,6,False
770,700,sylveon,Fairy,,525,95,65,65,110,130,60,6,False
771,701,hawlucha,Fighting,Flying,500,78,92,75,74,63,118,6,False
772,702,dedenne,Electric,Fairy,431,67,58,57,81,67,101,6,False
773,703,carbink,Rock,Fairy,500,50,50,150,50,150,50,6,False
774,704,goomy,Dragon,,300,45,50,35,55,75,40,6,False
775,705,sliggoo,Dragon,,452,68,75,53,83,113,60,6,False
776,706,goodra,Dragon,,600,90,100,70,110,150,80,6,False
777,707,klefki,Steel,Fairy,470,57,80,91,80,87,75,6,False
778,708,phantump,Ghost,Grass,309,43,70,48,50,60,38,6,False
779,709,trevenant,Ghost,Grass,474,85,110,76,65,82,56,6,False
780,710,pumpkabooaverage size,Ghost,Grass,335,49,66,70,44,55,51,6,False
781,710,pumpkaboosmall size,Ghost,Grass,335,44,66,70,44,55,56,6,False
782,710,pumpkaboolarge size,Ghost,Grass,335,54,66,70,44,55,46,6,False
783,710,pumpkaboosuper size,Ghost,Grass,335,59,66,70,44,55,41,6,False
784,711,gourgeistaverage size,Ghost,Grass,494,65,90,122,58,75,84,6,False
785,711,gourgeistsmall size,Ghost,Grass,494,55,85,122,58,75,99,6,False
786,711,gourgeistlarge size,Ghost,Grass,494,75,95,122,58,75,69,6,False
787,711,gourgeistsuper size,Ghost,Grass,494,85,100,122,58,75,54,6,False
788,712,bergmite,Ice,,304,55,69,85,32,35,28,6,False
789,713,avalugg,Ice,,514,95,117,184,44,46,28,6,False
790,714,noibat,Flying,Dragon,245,40,30,35,45,40,55,6,False
791,715,noivern,Flying,Dragon,535,85,70,80,97,80,123,6,False
792,716,xerneas,Fairy,,680,126,131,95,131,98,99,6,True
793,717,yveltal,Dark,Flying,680,126,131,95,131,98,99,6,True
794,718,zygarde50% forme,Dragon,Ground,600,108,100,121,81,95,95,6,True
795,719,diancie,Rock,Fairy,600,50,100,150,100,150,50,6,True
796,719,dianciemega diancie,Rock,Fairy,700,50,160,110,160,110,110,6,True
797,720,hoopahoopa confined,Psychic,Ghost,600,80,110,60,150,130,70,6,True
798,720,hoopahoopa unbound,Psychic,Dark,680,80,160,60,170,130,80,6,True
799,721,volcanion,Fire,Water,600,80,110,120,130,90,70,6,True
